{"cameraMode":{"drawMode":0,"name":"Shaded","section":"Shading Mode"},"sceneLighting":false,"audioPlay":false,"sceneViewState":{"m_AlwaysRefresh":false,"showFog":true,"showSkybox":false,"showFlares":true,"showImageEffects":true,"showParticleSystems":true,"showVisualEffectGraphs":true,"m_FxEnabled":true},"in2DMode":false,"pivot":{"x":1.408233642578125,"y":1.4619345664978028,"z":0.4199531078338623},"rotation":{"x":0.10818314552307129,"y":-0.09528561681509018,"z":0.010414347052574158,"w":0.9895119071006775},"size":5.671903133392334,"orthographic":true}