{"cameraMode":{"drawMode":0,"name":"Shaded","section":"Shading Mode"},"sceneLighting":false,"audioPlay":false,"sceneViewState":{"m_AlwaysRefresh":false,"showFog":true,"showSkybox":false,"showFlares":true,"showImageEffects":true,"showParticleSystems":true,"showVisualEffectGraphs":true,"m_FxEnabled":true},"in2DMode":false,"pivot":{"x":0.10223007202148438,"y":-2.6378374099731447,"z":0.42359769344329836},"rotation":{"x":0.35114234685897829,"y":-0.5984539985656738,"z":0.3277147710323334,"w":0.6412377953529358},"size":7.075676918029785,"orthographic":true}