{"cameraMode":{"drawMode":0,"name":"Shaded","section":"Shading Mode"},"sceneLighting":true,"audioPlay":false,"sceneViewState":{"m_AlwaysRefresh":false,"showFog":true,"showSkybox":true,"showFlares":true,"showImageEffects":true,"showParticleSystems":true,"showVisualEffectGraphs":true,"m_FxEnabled":true},"in2DMode":false,"pivot":{"x":-10.938045501708985,"y":0.5223302841186523,"z":0.03968776762485504},"rotation":{"x":0.5016916990280151,"y":-0.49779409170150759,"z":0.5160531997680664,"w":0.48395904898643496},"size":28.42524528503418,"orthographic":true}