{"cameraMode":{"drawMode":0,"name":"Shaded","section":"Shading Mode"},"sceneLighting":false,"audioPlay":false,"sceneViewState":{"showFog":false,"showMaterialUpdate":false,"showSkybox":true,"showFlares":false,"showImageEffects":false,"showParticleSystems":false},"in2DMode":false,"pivot":{"x":-0.607527494430542,"y":-0.35103583335876467,"z":0.3212761878967285},"rotation":{"x":0.16118790209293366,"y":0.035520974546670917,"z":-0.005805273074656725,"w":0.9862673282623291},"size":6.4453253746032719,"orthographic":false}